{"cameraMode":{"drawMode":0,"name":"Shaded","section":"Shading Mode"},"sceneLighting":true,"audioPlay":false,"sceneViewState":{"showFog":true,"showMaterialUpdate":true,"showSkybox":true,"showFlares":true,"showImageEffects":true,"showParticleSystems":true},"in2DMode":false,"pivot":{"x":1.6942720413208008,"y":0.4128894805908203,"z":-2.716339588165283},"rotation":{"x":-0.12392201274633408,"y":0.8586654663085938,"z":-0.24627120792865754,"w":-0.43207451701164248},"size":10.0,"orthographic":false}